{
    "pools": [
        {
            "rolls": 1,
            "entries": [
                {
                    "type": "minecraft:item",
                    "name": "minecraft:chest",
                    "functions": [
                        {
                            "function": "minecraft:set_loot_table",
                            "type": "minecraft:chest",
                            "name": "custom:chests/common_gear_loot"
                        },
                        {
                            "function": "minecraft:set_name",
                            "name": "Common Loot Crate"
                        }
                    ]
                }
            ]
        }
    ]
}