{
    "pools": [
        {
            "rolls": {
                "min": 5,
                "max": 8
            },
            "entries": [
                {
                    "type": "minecraft:item",
                    "weight": 10,
                    "name": "minecraft:bread",
                    "functions": [
                        {
                            "function": "minecraft:set_count",
                            "count": {
                                "min": 2,
                                "max": 5
                            }
                        }
                    ]
                },
                {
                    "type": "minecraft:item",
                    "weight": 2,
                    "name": "minecraft:book",
                    "functions": [
                        {
                            "function": "minecraft:enchant_with_levels",
                            "levels": {
                                "min": 5,
                                "max": 10
                            }
                        }
                    ]
                },
                {
                    "type": "minecraft:item",
                    "weight": 3,
                    "name": "minecraft:potion",
                    "functions": [
                        {
                            "function": "minecraft:set_nbt",
                            "tag": "{Potion:\"minecraft:healing\"}"
                        },
                        {
                            "function": "minecraft:set_count",
                            "count": {
                                "min": 1,
                                "max": 3
                            }
                        }
                    ]
                }
            ]
        }
    ]
}