{
  "pools": [
    {
      "rolls": {
        "min": 3,
        "max": 6
      },
      "bonus_rolls": 1,
      "entries": [
        {
          "type": "minecraft:loot_table",
          "weight": 30,
          "name": "custom:advanced_netherite/netherite_gold_loot"
        },
        {
          "type": "minecraft:loot_table",
          "weight": 20,
          "name": "custom:advanced_netherite/netherite_emerald_loot"
        },
        {
          "type": "minecraft:loot_table",
          "weight": 10,
          "name": "custom:advanced_netherite/netherite_diamond_loot"
        },
        {
          "type": "minecraft:loot_table",
          "weight": 25,
          "name": "custom:mcd/blazing_bow_loot"
        }
      ]
    },
    {
      "rolls": 1,
      "entries": [
        {
          "type": "minecraft:loot_table",
          "name": "custom:advanced_netherite/netherite_gold_loot"
        }
      ]
    },
    {
      "rolls": 1,
      "entries": [
        {
          "type": "minecraft:loot_table",
          "name": "custom:vanilla/blazing_supplies"
        }
      ]
    }
  ]
}