{
  "type": "minecraft:entity",
  "pools": [
    {
      "rolls": 1,
      "entries": [
        {
          "type": "item",
          "name": "minecraft:gold_nugget",
          "weight": 200,
          "functions": [
            {
              "function": "set_count",
              "count": 1
            }
          ]
        },
        {
          "type": "minecraft:loot_table",
          "weight": 40,
          "name": "custom:bags/common_bag",
          "functions": [
            {
              "function": "set_count",
              "count": {
                "min": 0,
                "max": 1
              }
            }
          ]
        },
        {
          "type": "minecraft:loot_table",
          "weight": 20,
          "name": "custom:bags/uncommon_bag",
          "functions": [
            {
              "function": "set_count",
              "count": {
                "min": 0,
                "max": 1
              }
            }
          ]
        },
        {
          "type": "minecraft:loot_table",
          "weight": 10,
          "name": "custom:bags/rare_bag",
          "functions": [
            {
              "function": "set_count",
              "count": {
                "min": 0,
                "max": 1
              }
            }
          ]
        },
        {
          "type": "minecraft:loot_table",
          "weight": 10,
          "name": "custom:bags/epic_bag",
          "functions": [
            {
              "function": "set_count",
              "count": {
                "min": 0,
                "max": 1
              }
            }
          ]
        }
      ]
    }
  ]
}