{
  "type": "minecraft:entity",
  "pools": [
    {
      "type": "minecraft:loot_table",
      "weight": 40,
      "name": "custom:bags/rare_bag",
      "functions": [
        {
          "function": "set_count",
          "count": 1
        }
      ]
    },
    {
      "type": "minecraft:loot_table",
      "weight": 20,
      "name": "custom:bags/epic_bag",
      "functions": [
        {
          "function": "set_count",
          "count": 1
        }
      ]
    },
    {
      "type": "minecraft:loot_table",
      "weight": 10,
      "name": "custom:bags/ghastly_bag",
      "functions": [
        {
          "function": "set_count",
          "count": 1
        }
      ]
    },
    {
      "type": "minecraft:loot_table",
      "weight": 1,
      "name": "custom:bags/blazing_bag",
      "functions": [
        {
          "function": "set_count",
          "count": 1
        }
      ]
    }
  ]
}