{
  "pools": [
    {
      "rolls": {
        "min": 1,
        "max": 3
      },
      "entries": [
        {
          "type": "minecraft:item",
          "weight": 15,
          "name": "advancednetherite:netherite_iron_ingot",
          "functions": [
            {
              "function": "minecraft:set_count",
              "count": {
                "min": 1,
                "max": 2
              }
            }
          ]
        },
        {
          "type": "minecraft:item",
          "weight": 2,
          "name": "advancednetherite:netherite_iron_sword",
          "functions": [
            {
              "function": "minecraft:set_count",
              "count": 1
            },
            {
              "function": "minecraft:enchant_with_levels",
              "levels": 45,
              "conditions": [
                {
                  "condition": "minecraft:random_chance",
                  "chance": 0.65
                }
              ]
            }
          ]
        },
        {
          "type": "minecraft:item",
          "weight": 2,
          "name": "advancednetherite:netherite_iron_pickaxe",
          "functions": [
            {
              "function": "minecraft:set_count",
              "count": 1
            },
            {
              "function": "minecraft:enchant_with_levels",
              "levels": 45,
              "conditions": [
                {
                  "condition": "minecraft:random_chance",
                  "chance": 0.65
                }
              ]
            }
          ]
        },
        {
          "type": "minecraft:item",
          "weight": 2,
          "name": "advancednetherite:netherite_iron_axe",
          "functions": [
            {
              "function": "minecraft:set_count",
              "count": 1
            },
            {
              "function": "minecraft:enchant_with_levels",
              "levels": 45,
              "conditions": [
                {
                  "condition": "minecraft:random_chance",
                  "chance": 0.65
                }
              ]
            }
          ]
        },
        {
          "type": "minecraft:item",
          "weight": 1,
          "name": "advancednetherite:netherite_iron_helmet",
          "functions": [
            {
              "function": "minecraft:set_count",
              "count": 1
            },
            {
              "function": "minecraft:enchant_with_levels",
              "levels": 45,
              "conditions": [
                {
                  "condition": "minecraft:random_chance",
                  "chance": 0.65
                }
              ]
            }
          ]
        },
        {
          "type": "minecraft:item",
          "weight": 1,
          "name": "advancednetherite:netherite_iron_chestplate",
          "functions": [
            {
              "function": "minecraft:set_count",
              "count": 1
            },
            {
              "function": "minecraft:enchant_with_levels",
              "levels": 45,
              "conditions": [
                {
                  "condition": "minecraft:random_chance",
                  "chance": 0.65
                }
              ]
            }
          ]
        },
        {
          "type": "minecraft:item",
          "weight": 1,
          "name": "advancednetherite:netherite_iron_leggings",
          "functions": [
            {
              "function": "minecraft:set_count",
              "count": 1
            },
            {
              "function": "minecraft:enchant_with_levels",
              "levels": 45,
              "conditions": [
                {
                  "condition": "minecraft:random_chance",
                  "chance": 0.65
                }
              ]
            }
          ]
        },
        {
          "type": "minecraft:item",
          "weight": 1,
          "name": "advancednetherite:netherite_iron_boots",
          "functions": [
            {
              "function": "minecraft:set_count",
              "count": 1
            },
            {
              "function": "minecraft:enchant_with_levels",
              "levels": 45,
              "conditions": [
                {
                  "condition": "minecraft:random_chance",
                  "chance": 0.65
                }
              ]
            }
          ]
        }
      ]
    }
  ]
}