{
    "pools": [
      {
        "rolls": {
          "min": 1,
          "max": 3
        }, 
        "entries": [
          {
            "type": "minecraft:item",
            "weight": 15,
            "name": "advancednetherite:netherite_emerald_ingot",
            "functions": [
              {
                "function": "minecraft:set_count",
                "count": {
                  "min": 1,
                  "max": 2
                }
              }
            ]
          },
          {
            "type": "minecraft:item",
            "weight": 2,
            "name": "advancednetherite:netherite_emerald_sword",
            "functions": [
              {
                "function": "minecraft:set_count",
                "count": 1
              },
              {
                "function": "minecraft:enchant_with_levels",
                "levels": 55,
                "conditions": [
                  {
                    "condition": "minecraft:random_chance",
                    "chance": 0.75
                  }
                ]
              }
            ]
          },
          {
            "type": "minecraft:item",
            "weight": 2,
            "name": "advancednetherite:netherite_emerald_pickaxe",
            "functions": [
              {
                "function": "minecraft:set_count",
                "count": 1
              },
              {
                "function": "minecraft:enchant_with_levels",
                "levels": 55,
                "conditions": [
                  {
                    "condition": "minecraft:random_chance",
                    "chance": 0.75
                  }
                ]
              }
            ]
          },
          {
            "type": "minecraft:item",
            "weight": 2,
            "name": "advancednetherite:netherite_emerald_axe",
            "functions": [
              {
                "function": "minecraft:set_count",
                "count": 1
              },
              {
                "function": "minecraft:enchant_with_levels",
                "levels": 55,
                "conditions": [
                  {
                    "condition": "minecraft:random_chance",
                    "chance": 0.75
                  }
                ]
              }
            ]
          },
          {
            "type": "minecraft:item",
            "weight": 1,
            "name": "advancednetherite:netherite_emerald_helmet",
            "functions": [
              {
                "function": "minecraft:set_count",
                "count": 1
              },
              {
                "function": "minecraft:enchant_with_levels",
                "levels": 55,
                "conditions": [
                  {
                    "condition": "minecraft:random_chance",
                    "chance": 0.75
                  }
                ]
              }
            ]
          },
          {
            "type": "minecraft:item",
            "weight": 1,
            "name": "advancednetherite:netherite_emerald_chestplate",
            "functions": [
              {
                "function": "minecraft:set_count",
                "count": 1
              },
              {
                "function": "minecraft:enchant_with_levels",
                "levels": 55,
                "conditions": [
                  {
                    "condition": "minecraft:random_chance",
                    "chance": 0.75
                  }
                ]
              }
            ]
          },
          {
            "type": "minecraft:item",
            "weight": 1,
            "name": "advancednetherite:netherite_emerald_leggings",
            "functions": [
              {
                "function": "minecraft:set_count",
                "count": 1
              },
              {
                "function": "minecraft:enchant_with_levels",
                "levels": 55,
                "conditions": [
                  {
                    "condition": "minecraft:random_chance",
                    "chance": 0.75
                  }
                ]
              }
            ]
          },
          {
            "type": "minecraft:item",
            "weight": 1,
            "name": "advancednetherite:netherite_emerald_boots",
            "functions": [
              {
                "function": "minecraft:set_count",
                "count": 1
              },
              {
                "function": "minecraft:enchant_with_levels",
                "levels": 55,
                "conditions": [
                  {
                    "condition": "minecraft:random_chance",
                    "chance": 0.75
                  }
                ]
              }
            ]
          }
        ]
      }
    ]
  }