{
    "pools": [
      {
        "rolls": {
          "min": 1,
          "max": 2
        },
        "entries": [
          {
            "type": "minecraft:item",
            "weight": 1,
            "name": "mcdw:bow_winters_touch",
            "functions": [
              {
                "function": "minecraft:set_count",
                "count": 1
              },
              {
                "function": "minecraft:enchant_with_levels",
                "levels": {
                  "min": 25,
                  "max": 35
                },
                "conditions": [
                  {
                    "condition": "minecraft:random_chance",
                    "chance": 0.75
                  }
                ]
              }
            ]
          },
          {
            "type": "minecraft:item",
            "weight": 1,
            "name": "mcdw:bow_nocturnal_bow",
            "functions": [
              {
                "function": "minecraft:set_count",
                "count": 1
              },
              {
                "function": "minecraft:enchant_with_levels",
                "levels": {
                  "min": 25,
                  "max": 35
                },
                "conditions": [
                  {
                    "condition": "minecraft:random_chance",
                    "chance": 0.75
                  }
                ]
              }
            ]
          },
          {
            "type": "minecraft:item",
            "weight": 1,
            "name": "mcdw:bow_shivering_bow",
            "functions": [
              {
                "function": "minecraft:set_count",
                "count": 1
              },
              {
                "function": "minecraft:enchant_with_levels",
                "levels": {
                  "min": 25,
                  "max": 35
                },
                "conditions": [
                  {
                    "condition": "minecraft:random_chance",
                    "chance": 0.75
                  }
                ]
              }
            ]
          }
        ]
      },
      {
        "rolls": 1,
        "entries": [
          {
            "type": "minecraft:item",
            "name": "minecraft:tipped_arrow",
            "functions": [
              {
                "function": "minecraft:set_count",
                "count": {
                  "min": 10,
                  "max": 40
                }
              },
              {
                "function": "minecraft:set_nbt",
                "tag": "{Potion:\"minecraft:harming\"}"
              }
            ]
          }
        ]
      }
    ]
  }
  