{
  "pools": [
    {
      "rolls": {
        "min": 2,
        "max": 4
      },
      "bonus_rolls": 1,
      "entries": [
        {
          "type": "minecraft:loot_table",
          "weight": 40,
          "name": "custom:vanilla/netherite_loot"
        },
        {
          "type": "minecraft:loot_table",
          "weight": 12,
          "name": "custom:advanced_netherite/netherite_iron_loot"
        },
        {
          "type": "minecraft:loot_table",
          "weight": 5,
          "name": "custom:advanced_netherite/netherite_gold_loot"
        },
        {
          "type": "minecraft:loot_table",
          "weight": 30,
          "name": "custom:mcd/epic_bow_loot"
        },
        {
          "type": "minecraft:loot_table",
          "weight": 15,
          "name": "custom:mcd/ghastly_bow_loot"
        },
        {
          "type": "minecraft:loot_table",
          "weight": 2,
          "name": "custom:mcd/blazing_bow_loot"
        },
        {
          "type": "minecraft:loot_table",
          "weight": 10,
          "name": "custom:mcd/epic_artifact_loot"
        }
      ]
    },
    {
      "rolls": 1,
      "entries": [
        {
          "type": "minecraft:loot_table",
          "name": "custom:vanilla/diamond_loot"
        }
      ]
    },
    {
      "rolls": 1,
      "entries": [
        {
          "type": "minecraft:loot_table",
          "name": "custom:vanilla/epic_supplies"
        }
      ]
    }
  ]
}